{
  "models": [
    "dinov2_reg",
    "dinov3_vits16"
  ],
  "ablations": [
    "zero_r1",
    "zero_r2",
    "zero_r3",
    "zero_r4"
  ],
  "layer": 11,
  "results": {
    "dinov2_reg": {
      "zero_r1": {
        "g1": {
          "ablation": "zero_r1",
          "layer": 11,
          "models": {
            "dinov2_reg": {
              "cls": {
                "n_train": 40000,
                "n_val": 10000,
                "scores": [
                  0.6732999682426453
                ],
                "seeds": [
                  0
                ],
                "summary": {
                  "max": 0.6732999682426453,
                  "mean": 0.6732999682426453,
                  "min": 0.6732999682426453,
                  "std": 0.0
                }
              },
              "patch_mean": {
                "n_train": 40000,
                "n_val": 10000,
                "scores": [
                  0.468099981546402
                ],
                "seeds": [
                  0
                ],
                "summary": {
                  "max": 0.468099981546402,
                  "mean": 0.468099981546402,
                  "min": 0.468099981546402,
                  "std": 0.0
                }
              },
              "register_mean": {
                "n_train": 40000,
                "n_val": 10000,
                "scores": [
                  0.6193999648094177
                ],
                "seeds": [
                  0
                ],
                "summary": {
                  "max": 0.6193999648094177,
                  "mean": 0.6193999648094177,
                  "min": 0.6193999648094177,
                  "std": 0.0
                }
              }
            }
          },
          "train_dataset": "imagenet_50k",
          "val_dataset": "imagenet_50k"
        },
        "d1": {
          "ablation": "zero_r1",
          "dataset": "synthetic_pairs",
          "layer": 11,
          "models": {
            "dinov2_reg": {
              "cycle_ci95_high": 0.45651742815971375,
              "cycle_ci95_low": 0.4480566382408142,
              "cycle_consistency": 0.4521230459213257,
              "gt_accuracy": 0.6913847923278809,
              "gt_ci95_high": 0.6995051503181458,
              "gt_ci95_low": 0.6839909553527832,
              "n_pairs": 2000
            }
          },
          "pair_metadata": "C:\\Users\\Felipe Parodi\\Documents\\ext_repos\\howtocv\\data\\synthetic_pairs\\pairs.jsonl"
        }
      },
      "zero_r2": {
        "g1": {
          "ablation": "zero_r2",
          "layer": 11,
          "models": {
            "dinov2_reg": {
              "cls": {
                "n_train": 40000,
                "n_val": 10000,
                "scores": [
                  0.6240999698638916
                ],
                "seeds": [
                  0
                ],
                "summary": {
                  "max": 0.6240999698638916,
                  "mean": 0.6240999698638916,
                  "min": 0.6240999698638916,
                  "std": 0.0
                }
              },
              "patch_mean": {
                "n_train": 40000,
                "n_val": 10000,
                "scores": [
                  0.40230000019073486
                ],
                "seeds": [
                  0
                ],
                "summary": {
                  "max": 0.40230000019073486,
                  "mean": 0.40230000019073486,
                  "min": 0.40230000019073486,
                  "std": 0.0
                }
              },
              "register_mean": {
                "n_train": 40000,
                "n_val": 10000,
                "scores": [
                  0.5702999830245972
                ],
                "seeds": [
                  0
                ],
                "summary": {
                  "max": 0.5702999830245972,
                  "mean": 0.5702999830245972,
                  "min": 0.5702999830245972,
                  "std": 0.0
                }
              }
            }
          },
          "train_dataset": "imagenet_50k",
          "val_dataset": "imagenet_50k"
        },
        "d1": {
          "ablation": "zero_r2",
          "dataset": "synthetic_pairs",
          "layer": 11,
          "models": {
            "dinov2_reg": {
              "cycle_ci95_high": 0.4411661624908447,
              "cycle_ci95_low": 0.4322098195552826,
              "cycle_consistency": 0.4365878999233246,
              "gt_accuracy": 0.6795055866241455,
              "gt_ci95_high": 0.6877793669700623,
              "gt_ci95_low": 0.671474039554596,
              "n_pairs": 2000
            }
          },
          "pair_metadata": "C:\\Users\\Felipe Parodi\\Documents\\ext_repos\\howtocv\\data\\synthetic_pairs\\pairs.jsonl"
        }
      },
      "zero_r3": {
        "g1": {
          "ablation": "zero_r3",
          "layer": 11,
          "models": {
            "dinov2_reg": {
              "cls": {
                "n_train": 40000,
                "n_val": 10000,
                "scores": [
                  0.6712999939918518
                ],
                "seeds": [
                  0
                ],
                "summary": {
                  "max": 0.6712999939918518,
                  "mean": 0.6712999939918518,
                  "min": 0.6712999939918518,
                  "std": 0.0
                }
              },
              "patch_mean": {
                "n_train": 40000,
                "n_val": 10000,
                "scores": [
                  0.46859997510910034
                ],
                "seeds": [
                  0
                ],
                "summary": {
                  "max": 0.46859997510910034,
                  "mean": 0.46859997510910034,
                  "min": 0.46859997510910034,
                  "std": 0.0
                }
              },
              "register_mean": {
                "n_train": 40000,
                "n_val": 10000,
                "scores": [
                  0.621399998664856
                ],
                "seeds": [
                  0
                ],
                "summary": {
                  "max": 0.621399998664856,
                  "mean": 0.621399998664856,
                  "min": 0.621399998664856,
                  "std": 0.0
                }
              }
            }
          },
          "train_dataset": "imagenet_50k",
          "val_dataset": "imagenet_50k"
        },
        "d1": {
          "ablation": "zero_r3",
          "dataset": "synthetic_pairs",
          "layer": 11,
          "models": {
            "dinov2_reg": {
              "cycle_ci95_high": 0.4578924775123596,
              "cycle_ci95_low": 0.4493590295314789,
              "cycle_consistency": 0.45347264409065247,
              "gt_accuracy": 0.6881683468818665,
              "gt_ci95_high": 0.6962398886680603,
              "gt_ci95_low": 0.6806024312973022,
              "n_pairs": 2000
            }
          },
          "pair_metadata": "C:\\Users\\Felipe Parodi\\Documents\\ext_repos\\howtocv\\data\\synthetic_pairs\\pairs.jsonl"
        }
      },
      "zero_r4": {
        "g1": {
          "ablation": "zero_r4",
          "layer": 11,
          "models": {
            "dinov2_reg": {
              "cls": {
                "n_train": 40000,
                "n_val": 10000,
                "scores": [
                  0.6735999584197998
                ],
                "seeds": [
                  0
                ],
                "summary": {
                  "max": 0.6735999584197998,
                  "mean": 0.6735999584197998,
                  "min": 0.6735999584197998,
                  "std": 0.0
                }
              },
              "patch_mean": {
                "n_train": 40000,
                "n_val": 10000,